alpha,center,model,r_squared
0.008471924589085633,74.99469383849981,LinearRegression(),0.3191637638600907
0.008480735721641814,53.381320917806065,LinearRegression(),0.804696791023556
0.011878523269372773,76.91331140350877,LinearRegression(),0.6003004664657272
0.002441995130245888,24.394733893557422,LinearRegression(),0.7843868217029579
0.014037973141299983,41.74538429406851,LinearRegression(),0.9121661114579579
0.033249036801760126,108.74402944241791,LinearRegression(),0.7988689053878747
